Engagement metrics for individual posts. Created date indicates when your post was created. All dates and times are in UTC.,,,,,,,,,,,,,,,,,,,
Post title,Post link,Post type,Campaign name,Posted by,Created date,Campaign start date,Campaign end date,Audience,Impressions,Views,Offsite Views,Clicks,Click through rate (CTR),Likes,Comments,Reposts,Follows,Engagement rate,Content Type
"We are so excited as well Anna Islamova!
ğŸš€Â REGISTRATION IS NOW OPEN!Â ğŸš€

Our Mentorship and Networking Committee, Knowledge Circles For Impact (KC4I) has announced applications are now being accepted forÂ ğ—§ğ—µğ—² ğ—”ğ—œ ğ—Ÿğ—²ğ—®ğ—±ğ—²ğ—¿ğ˜€ğ—µğ—¶ğ—½ ğ—®ğ—»ğ—± ğ—¦ğ—µğ—®ğ—½ğ—¶ğ—»ğ—´ ğ˜ğ—µğ—² ğ—™ğ˜‚ğ˜ğ˜‚ğ—¿ğ—²Â learning experience! 

Register by April 23rd to secure your spot. Sign up today (link in the comments section)! 

ğŸŒŸÂ Program ScheduleÂ ğŸŒŸ
Session 1: Circle Kick-Off: Setting the Stage for SuccessÂ 
Session 2: AI Industry Trends Shaping Career Growth i
Session 3: Elevate Your Technical Presence
Session 4: Empowering Leadership: Strategy, Analysis & CommunicationÂ 
Session 5: Future Forward: Celebrating Success & Planning Next Steps 

Interested in joining? Don't miss this opportunity to shape your future in AI leadership! Apply now and take the first step towards a transformative mentorship experience. 

#AILeadership #Mentorship #Networking #CareerGrowth #FutureOfAI #ProfessionalDevelopment #KC4I",https://www.linkedin.com/feed/update/urn:li:activity:7310768611978031107,Organic,,Talia Standring,03/26/2025,,,All followers,373,,,31,0.08310992271,8,2,4,,0.1206434295,
"Exciting News for Our Community!

1ï¸âƒ£ Go follow our sister page: Knowledge Circles For Impact (KC4I)!
 This is where our #Mentoring & #Networking Committee is focusing their efforts to create meaningful connections and opportunities.

2ï¸âƒ£ Check out KC4I's AI Leadership and Shaping the Future Program!
 Now accepting applicants - don't miss out on this incredible chance to grow in your career.

This virtual workshop offers valuable insights into #AI, #Leadership, and #IndustryTrends. ğŸŒŸ

#mentorship #networking #professionaldevelopment #learning #futureleaders #AI",https://www.linkedin.com/feed/update/urn:li:activity:7308584569341952000,Organic,,Talia Standring,03/20/2025,,,All followers,297,,,27,0.09090909362,6,1,1,,0.117845118,
"âœ¨ğŒğ¨ğ§ğğšğ² ğŒğğ¦ğ›ğğ« ğ’ğ©ğ¨ğ­ğ¥ğ¢ğ ğ¡ğ­ğŸ”¦ 

Meet ï¸Iseabail Lane - Board Member and Co-chair of the Professional Development Committee here! 

#womenleaders #womenintechnologyhollywood #professionaldevelopment #leadership #leaders #mentorship #encourage #inspire #community #networking #opportunity #WiTHmemberspotlight",https://www.linkedin.com/feed/update/urn:li:activity:7304901650287144961,Organic,,Talia Standring,03/10/2025,,,All followers,260,,,5,0.01923076995,8,0,2,,0.05769230798,
"ğŸŒŸ Happy ğ—œğ—»ğ˜ğ—²ğ—¿ğ—»ğ—®ğ˜ğ—¶ğ—¼ğ—»ğ—®ğ—¹ ğ—ªğ—¼ğ—ºğ—²ğ—»â€™ğ˜€ ğ——ğ—®ğ˜†! ğŸŒŸ

Today, ğ— ğ—®ğ—¿ğ—°ğ—µÂ 8th, not only do we celebrate International Womenâ€™s Day, but we also are reminded its ğ—ªğ—¼ğ—ºğ—²ğ—»â€™ğ˜€ ğ—›ğ—¶ğ˜€ğ˜ğ—¼ğ—¿ğ˜† ğ— ğ—¼ğ—»ğ˜ğ—µ - a time to reflect on the incredible achievements of women past, present, and future, and to #celebrate womenâ€™s contributions to history, culture, and society. 

We are proud to stand with women who continue to ğ—¯ğ—¿ğ—²ğ—®ğ—¸ ğ—¯ğ—®ğ—¿ğ—¿ğ—¶ğ—²ğ—¿ğ˜€, ğ—°ğ—µğ—®ğ—¹ğ—¹ğ—²ğ—»ğ—´ğ—² ğ—»ğ—¼ğ—¿ğ—ºğ˜€, ğ—®ğ—»ğ—± ğ˜€ğ—µğ—®ğ—½ğ—² ğ˜ğ—µğ—² ğ—³ğ˜‚ğ˜ğ˜‚ğ—¿ğ—² ğ—¼ğ—³ ğ˜ğ—²ğ—°ğ—µğ—»ğ—¼ğ—¹ğ—¼ğ—´ğ˜†. As we reflect on how far weâ€™ve come, we are also focused on the important work ahead: ğ—²ğ—ºğ—½ğ—¼ğ˜„ğ—²ğ—¿ğ—¶ğ—»ğ—´ ğ˜ğ—µğ—² ğ—»ğ—²ğ˜…ğ˜ ğ—´ğ—²ğ—»ğ—²ğ—¿ğ—®ğ˜ğ—¶ğ—¼ğ—» ğ—¼ğ—³ ğ˜„ğ—¼ğ—ºğ—²ğ—» ğ—¹ğ—²ğ—®ğ—±ğ—²ğ—¿ğ˜€ ğ—¶ğ—» ğ˜ğ—²ğ—°ğ—µ

ğŸ’¼Our ğ—£ğ—¿ğ—¼ğ—³ğ—²ğ˜€ğ˜€ğ—¶ğ—¼ğ—»ğ—®ğ—¹ ğ——ğ—²ğ˜ƒğ—²ğ—¹ğ—¼ğ—½ğ—ºğ—²ğ—»ğ˜ Committee is committed to providing resources and learning opportunities that help women grow their careers, hone their skills, and reach their full potential. 

ğŸŒThrough ğ—¢ğ˜‚ğ˜ğ—¿ğ—²ğ—®ğ—°ğ—µ ğ—®ğ—»ğ—± ğ—–ğ—¼ğ—ºğ—ºğ˜‚ğ—»ğ—¶ğ—°ğ—®ğ˜ğ—¶ğ—¼ğ—», we aim to share stories, highlight achievements, and amplify the voices of women in tech. By showcasing the success of our members, we create inspiration for young women who may not yet see themselves in this space.  

ğŸŒ±Our ğ—–ğ—¼ğ—ºğ—ºğ˜‚ğ—»ğ—¶ğ˜ğ˜† ğ—˜ğ—»ğ—´ğ—®ğ—´ğ—²ğ—ºğ—²ğ—»ğ˜ Committee works tirelessly to foster connections and build a supportive network where women can collaborate, support one another, and elevate each otherâ€™s success. 

ğŸ’»And importantly, our ğ— ğ—²ğ—»ğ˜ğ—¼ğ—¿ğ—¶ğ—»ğ—´Â Program plays a pivotal role in shaping the leaders of tomorrow. Through mentoring, weâ€™re giving back by passing on knowledge, offering guidance, and creating opportunities for women to thrive in the tech industry.  

Today, letâ€™s not only celebrate the amazing women who have shaped history but also commit to building a future where every woman has the opportunity to lead, innovate, and inspire. ğŸ’œ 

#IWD2025 #WomensHistoryMonth #WomenInTech #ProfessionalDevelopment #Mentoring #Community #WomenInTechnologyHollywood #Empowerment #Inspiration #GivingBack",https://www.linkedin.com/feed/update/urn:li:activity:7304192330524237824,Organic,,Talia Standring,03/08/2025,,,All followers,373,,,11,0.02949061617,22,2,3,,0.1018766761,
"Join Innovate@UCLA for an inspiring Women in Technology (WIT) Workshop! 

ğğ¯ğğ«ğœğ¨ğ¦ğ¢ğ§ğ  ğˆğ¦ğ©ğ¨ğ¬ğ­ğğ« ğ’ğ²ğ§ğğ«ğ¨ğ¦ğ ğšğ§ğ ğ…ğ¢ğ§ğğ¢ğ§ğ  ğ˜ğ¨ğ®ğ« ğ•ğ¨ğ¢ğœğ
ğŸ—“ğ–ğ¡ğğ§:Â Tuesday, March 11, 2025 from 12:00 PM - 1:00 PM PST
ğŸ“ğ–ğ¡ğğ«ğ: Virtual
â€¼ï¸ ğ–ğ¡ğ¨: Led by industry leaders Cindy McKenzie (Retired CIO, VP & Co-Founder of STEM Advantage) and Melanie Hildebrandt (VP & CIO at Endeavor), 
ğŸ’» ğ–ğ¡ğšğ­:Â An interactive session providing practical strategies to tackle imposter syndrome and confidently express yourself in meetings.

ğŸ’¡ Open to everyone â€“ members & non-members welcome!
ğŸ”— ğ˜™ğ˜šğ˜ğ˜—: ğ˜­ğ˜ªğ˜¯ğ˜¬ ğ˜ªğ˜¯ ğ˜µğ˜©ğ˜¦ ğ˜¤ğ˜°ğ˜®ğ˜®ğ˜¦ğ˜¯ğ˜µğ˜´ ğ˜´ğ˜¦ğ˜¤ğ˜µğ˜ªğ˜°ğ˜¯ 

Letâ€™s empower each other and grow together! âœ¨
#Innovation #Education #Community #WomenInTech #Leadership #ProfessionalGrowth",https://www.linkedin.com/feed/update/urn:li:activity:7302866690512502784,Organic,,Talia Standring,03/05/2025,,,All followers,387,,,26,0.06718346477,14,2,2,,0.1136950925,
"We are back with our ğŒğ¨ğ§ğğšğ² ğŒğğ¦ğ›ğğ« ğ’ğ©ğ¨ğ­ğ¥ğ¢ğ ğ¡ğ­! 

âœ¨ Please meet ï¸Karine E. and don't forget to
 #ï¸Follow us to learn more about the members of our incredible team! âœ¨ 

#womenleaders #womenintechnologyhollywood #professionaldevelopment #leadership #leaders #mentorship #encourage #inspire #community #networking #opportunity #WiTHmemberspotlight",https://www.linkedin.com/feed/update/urn:li:activity:7294871798498635776,Organic,,Talia Standring,02/11/2025,,,All followers,543,,,19,0.03499079123,24,3,2,,0.08839779347,
"ğŸ“¢Weâ€™re on a mission to inspire, empower, and uplift underrepresented individuals in technology through professional development, mentorship, and community engagement. 

Now bringing even more of that energy to #Instagram! 
ğŸ‰ Follow us at @ğ—ªğ—¶ğ—§ğ—›ğ—¼ğ—¹ğ—¹ğ˜†ğ˜„ğ—¼ğ—¼ğ—±ğ—œğ—šÂ for:

ğŸ’œ Inspiring stories from women in tech
ğŸ’» Networking & mentorship opportunities
ğŸ’œ Event highlights & behind-the-scenes moments
ğŸ¬Career growth resources & industry insights

Join our growing community and help us spread the message of Diversity, Equity, Inclusion, Accessibility, and Belonging in tech! 

#WomenInTech #WiTHFoundation #DiversityInTech #InclusionMatters #MediaTech #WiTHollywood #ProfessionalDevelopment #MentoringOpportunnties #Networking #NetworkingEvents ",https://www.linkedin.com/feed/update/urn:li:activity:7293047238698643456,Organic,,Talia Standring,02/05/2025,,,All followers,447,,,12,0.02684563771,16,2,4,,0.07606264204,
"ğŸ‰ Yesterday, some of our incredible volunteers and board members had the honor of supporting and congratulating the amazing graduates of the Codetalk St. Joseph Center program! 

ğŸ’» CodeTalk is transforming lives by providing low-income, underserved women with the digital skills and tools needed to launch successful careers in tech.

ğŸŒŸWe're thrilled to witness the hard work, dedication, and growth of these women who are now stepping into a brighter future. It's inspiring to see how the CodeTalk program doesnâ€™t just teach skillsâ€”it changes lives by fostering a growth mindset, innovative teaching, and a powerful belief that we are not limited by our circumstances!

ğŸ’œ Proud to partner with CodeTalk (thank you - Sharon Plunkett & Dr. Ryan J. Smith, EdD) and continue supporting their mission to empower underserved communities. Here's to a future full of opportunity for these talented women and youth! 

Nadya Ichinomiya, April (Cadiente) Schneider, Talia Standring, Roshan Bryan

#WomenInTech #CodeTalk #StJosephCenter #EmpoweringWomen #DigitalSkills #WomenSupportingWomen #NonProfits #CommunityEngagement #WomenInSTEM #GivingBack #CommunitySupport",https://www.linkedin.com/feed/update/urn:li:activity:7291219930379653120,Organic,,Talia Standring,01/31/2025,,,All followers,1383,,,232,0.1677512676,58,7,3,,0.2169197351,
"Dear community, the devastating fires in Los Angeles have shaken us all. 

Each day, we learn of families and businesses facing unimaginable challengesâ€”evacuating on short notice, leaving behind homes, memories, and livelihoods.

We want you to know youâ€™re not alone. We stand beside those impacted, offering support in any way we can. 

To those who are safe, we encourage you to join us in extending care and compassion to those in need.

In these trying times, we are reminded of the power of community and the strength we draw from one another. 

Together, we will rebuild, recover, and heal.ğŸ’œ",https://www.linkedin.com/feed/update/urn:li:activity:7285139877598244864,Organic,,Talia Standring,01/15/2025,,,All followers,923,,,11,0.01191766001,31,0,5,,0.05092091113,
"âœ¨ Happy Holidays and a Bright New Year! ğŸ‰

As 2024 comes to a close, we want to extend our warmest wishes to our incredible network. Your passion, innovation, and commitment have been the heart of our community this year.

We're so excited for 2025 and all the opportunities it holds to grow, connect, and inspire one another. Together, weâ€™ll continue to break barriers, foster inclusion, and shape the future of technology.

Hereâ€™s to a new year filled with collaboration, success, and even greater impact! 

#WomenInTech #WiTHCommunity #HappyNewYear2025 #Networking #Mentoring #ProfessionalDevelopment #CommunityEngagement #DEI ",https://www.linkedin.com/feed/update/urn:li:activity:7280728135728316416,Organic,,Talia Standring,01/02/2025,,,All followers,633,,,50,0.07898893952,49,0,0,,0.1563981026,